Eaton;Olson;dictum.eu.eleifend@Aeneansedpede.ca;31/12/1969
Nissim;White;non@Cras.co.uk;31/12/1969
Judith;Farley;Donec@duisemperet.edu;31/12/1969
Camden;Shaw;risus.varius@ut.edu;31/12/1969
Dolan;Banks;at.auctor.ullamcorper@sitamet.ca;31/12/1969
Dustin;Stephens;lorem@aliquetodio.ca;31/12/1969
Lyle;Everett;varius.et@Cumsociisnatoque.com;31/12/1969
Zephr;Montgomery;molestie.tellus@lectusrutrum.edu;31/12/1969
Astra;Bernard;Nulla.facilisi@ultricies.ca;31/12/1969
Tanner;Johnson;erat.nonummy@Morbi.net;31/12/1969
Amanda;Acevedo;et.rutrum.non@Etiamligula.net;31/12/1969
Holly;Burke;tincidunt@duinec.net;31/12/1969
Zeus;Maxwell;eleifend.nec@penatibusetmagnis.co.uk;31/12/1969
Aileen;Melendez;Fusce@etmagnis.edu;31/12/1969
Kerry;Thompson;Vivamus@molestiein.org;31/12/1969
Jerry;Blackburn;ac@semper.co.uk;31/12/1969
Winifred;Fields;natoque.penatibus.et@sagittisplacerat.com;31/12/1969
Britanni;Dejesus;ullamcorper.eu@Cras.com;31/12/1969
Georgia;Carlson;at@rutrumurnanec.edu;31/12/1969
Yetta;Noble;Nulla.eu@liberomaurisaliquam.com;31/12/1969
Rina;Kerr;commodo.ipsum.Suspendisse@etpedeNunc.org;31/12/1969
Leila;Wheeler;dui.augue.eu@euplacerateget.net;31/12/1969
Mufutau;Day;sit.amet.risus@antedictum.com;31/12/1969
Rafael;Duran;risus.Donec.egestas@aliquam.com;31/12/1969
Cyrus;Johnston;nec.eleifend.non@Nuncsed.org;31/12/1969
Fatima;Walton;Nunc@sitametante.ca;31/12/1969
Cedric;Sexton;malesuada@sitametlorem.org;31/12/1969
Xavier;Mooney;ut.pharetra.sed@atiaculisquis.co.uk;31/12/1969
Jaden;Green;lacus@Crasconvallis.edu;31/12/1969
Clark;Rios;erat.vel.pede@ridiculusmus.com;31/12/1969
Deacon;Whitley;Suspendisse.sed@Duis.edu;31/12/1969
Jane;Osborn;odio.a@non.com;31/12/1969
Helen;Burt;non@eunullaat.com;31/12/1969
Palmer;Dudley;tempus.mauris@In.com;31/12/1969
Zane;Melendez;libero.Morbi@fermentumconvallisligula.com;31/12/1969
Beatrice;Morris;mollis.nec@afelisullamcorper.edu;31/12/1969
Carter;Olsen;felis.purus@Pellentesquehabitantmorbi.net;31/12/1969
Ruby;Serrano;lorem.Donec@liberolacusvarius.ca;31/12/1969
Nell;Walker;eu.euismod@Aliquamfringillacursus.org;31/12/1969
Ross;Scott;mauris.sit@tristique.org;31/12/1969
Rogan;Bridges;quis.urna@est.com;31/12/1969
Ignatius;Ray;mauris.blandit@vitaerisusDuis.org;31/12/1969
Martin;Morrow;tellus.Nunc.lectus@iaculisnec.net;31/12/1969
Sydnee;Chambers;sapien@Duisgravida.net;31/12/1969
Brady;Atkinson;eros.Proin.ultrices@Nullatincidunt.net;31/12/1969
Caleb;Fuentes;quis.diam.luctus@ac.com;31/12/1969
Paula;Poole;non.bibendum@Quisque.net;31/12/1969
Mark;Contreras;nascetur@sit.edu;31/12/1969
Kellie;Wood;consectetuer.mauris@quis.ca;31/12/1969
Armand;Nichols;vel.arcu.eu@Namtempordiam.edu;31/12/1969
Maisie;Cain;tristique@Aeneangravida.ca;31/12/1969
Blake;Rivas;in@velmauris.net;31/12/1969
Emerson;Michael;nibh.Aliquam@posuerecubilia.co.uk;31/12/1969
Zelenia;Clay;nisl.Maecenas@Fuscefermentumfermentum.edu;31/12/1969
Octavius;Booth;tellus.justo.sit@risusDuis.co.uk;31/12/1969
Guinevere;Clarke;Curabitur.massa.Vestibulum@sapien.ca;31/12/1969
Glenna;Bush;malesuada.fames.ac@leoMorbineque.co.uk;31/12/1969
Indira;Mathis;luctus.vulputate.nisi@Nullam.edu;31/12/1969
Aimee;Becker;interdum@lacus.ca;31/12/1969
Blair;Keller;Cras@vellectusCum.org;31/12/1969
Chester;Stuart;quis@tinciduntduiaugue.net;31/12/1969
Tamara;Stokes;arcu@tristiquepharetra.org;31/12/1969
Mechelle;Conley;aliquet@ac.com;31/12/1969
Conan;Barber;nunc@turpisnecmauris.edu;31/12/1969
Liberty;Floyd;enim@porta.org;31/12/1969
Hyacinth;Cochran;luctus.Curabitur@viverraDonectempus.co.uk;31/12/1969
Kaye;Haynes;eleifend@lobortis.net;31/12/1969
Isabelle;Swanson;mi.eleifend.egestas@tempor.co.uk;31/12/1969
Hedwig;Payne;lacinia.at.iaculis@acfacilisisfacilisis.ca;31/12/1969
Price;Owen;arcu.Morbi.sit@Aliquamadipiscinglobortis.net;31/12/1969
Tiger;Finley;elementum.dui.quis@dignissim.net;31/12/1969
Ahmed;Larson;dolor.dapibus.gravida@nequeMorbiquis.edu;31/12/1969
Aileen;Curtis;Cras.vehicula@NullamenimSed.co.uk;31/12/1969
Shea;Morin;Sed.eu.nibh@bibendumullamcorper.co.uk;31/12/1969
Theodore;Blevins;non.arcu@augueporttitor.ca;31/12/1969
Roth;Wells;tempor.erat.neque@Aliquam.net;31/12/1969
Scott;Wood;interdum.Nunc@imperdietdictummagna.net;31/12/1969
Rigel;Sparks;magna@dignissimlacus.org;31/12/1969
Devin;Randall;magna@pretium.net;31/12/1969
Gregory;Herring;venenatis@magnanecquam.edu;31/12/1969
Xandra;Mccarty;nulla.magna.malesuada@felispurusac.edu;31/12/1969
Drake;Conner;auctor@loremeget.org;31/12/1969
Frances;Fleming;lacus@euduiCum.co.uk;31/12/1969
Brady;Obrien;sit.amet.consectetuer@Integer.net;31/12/1969
Caesar;Davis;ligula.eu@miacmattis.net;31/12/1969
Tatum;Buchanan;vulputate.mauris.sagittis@nascetur.net;31/12/1969
Serena;Schultz;Phasellus.in.felis@nectempus.co.uk;31/12/1969
Brynne;Holman;feugiat@feugiatnon.ca;31/12/1969
Rhona;Atkinson;Vivamus.euismod@Donecestmauris.co.uk;31/12/1969
Taylor;Moore;morbi.tristique.senectus@tempus.net;31/12/1969
Katell;Galloway;a.facilisis.non@etrutrumnon.net;31/12/1969
Amber;Russo;amet@eutempor.ca;31/12/1969
Garrett;Myers;Donec.egestas@lectusNullam.net;31/12/1969
Shafira;Christian;nonummy.ipsum.non@ante.com;31/12/1969
Fallon;Hill;Curabitur.massa@risusodioauctor.edu;31/12/1969
Jasper;Harris;tempor.augue.ac@egestas.co.uk;31/12/1969
Guy;Ford;congue.turpis@massalobortis.net;31/12/1969
Gage;Coleman;nunc@Donecegestas.edu;31/12/1969
Owen;Morales;sollicitudin@sollicitudinorci.org;31/12/1969
Scarlet;Hoover;Curabitur.vel.lectus@egetmassa.net;31/12/1969